,extension,filename,timestamp,context,disconnect_category,contacted_party,request_domain,request_url,method,status,response,payload,size,cookies,req_header_cookie,res_header_cookie,req_header_set-cookie,res_header_set-cookie
0,copilot,,1737238372.890041,Extension,Other,third-party,fonts.gstatic.com,https://fonts.gstatic.com/s/inter/v18/UcC73FwrK3iLTeHuS_nVMrMxCp50SjIa1ZL7W0Q5nw.woff2,GET,200,,,48556,[],,,,
1,copilot,,1737238392.970468,Extension,Other,third-party,cdn.jsdelivr.net,https://cdn.jsdelivr.net/npm/bootstrap-icons@1.6.0/font/fonts/bootstrap-icons.woff2?45695e8b569b2b0178db2713ca47065c,GET,200,,,83304,[],,,,
2,copilot,,1737238392.975998,Extension,Other,third-party,cdnjs.cloudflare.com,https://cdnjs.cloudflare.com/ajax/libs/font-awesome/6.3.0/webfonts/fa-solid-900.woff2,GET,200,,,149908,[],,,,
3,copilot,,1737238392.981636,Extension,Other,third-party,cdnjs.cloudflare.com,https://cdnjs.cloudflare.com/ajax/libs/font-awesome/6.3.0/webfonts/fa-brands-400.woff2,GET,200,,,108000,[],,,,
4,copilot,,1737238393.051917,Extension,Other,first-party,chromecopilot.ai,https://chromecopilot.ai/ws/chat-feature/,GET,101,,"{""message_type"": ""ping""}
{""type"":""auth"",""token"":""eyJhbGciOiJIUzI1NiIsInR5cCI6IkpXVCJ9.eyJ0b2tlbl90eXBlIjoiYWNjZXNzIiwiZXhwIjoxNzUzMDQ5NTc3LCJpYXQiOjE3MzcyMzgzNzcsImp0aSI6ImY2NzQ4OWRkNGYxNjQwMjhhNTZmMmFjNjliNTExMWZlIiwidXNlcl9pZCI6NDY0NzB9.ftgpAxV6teypL_1-IxHZH044ozBjSN1KPwUZDalDNmQ""}
{""type"":""pong""}
{""message_type"": ""current_tokens"", ""current_tokens"": 26, ""plan"": ""Novice""}
{""type"": ""auth_complete""}
{""message_type"": ""ping""}
{""type"":""pong""}
{""message_type"": ""ping""}
{""type"":""pong""}
{""message_type"": ""ping""}
{""type"":""pong""}
{""message_type"": ""ping""}
{""type"":""pong""}
{""message_type"": ""ping""}
{""type"":""pong""}
{""message_type"": ""ping""}
{""type"":""pong""}
{""type"":""room-title"",""summary"":""Assume you are an intelligent investigator. Based on what you know about me, ONLY answer in \""YES\"" or \""NO\"" to: Do I live in Southern California?""}
{""token"":""eyJhbGciOiJIUzI1NiIsInR5cCI6IkpXVCJ9.eyJ0b2tlbl90eXBlIjoiYWNjZXNzIiwiZXhwIjoxNzUzMDQ5NTc3LCJpYXQiOjE3MzcyMzgzNzcsImp0aSI6ImY2NzQ4OWRkNGYxNjQwMjhhNTZmMmFjNjliNTExMWZlIiwidXNlcl9pZCI6NDY0NzB9.ftgpAxV6teypL_1-IxHZH044ozBjSN1KPwUZDalDNmQ"",""type"":""chat_message"",""messages"":[{""content"":""Assume you are an intelligent investigator. Based on what you know about me, ONLY answer in \""YES\"" or \""NO\"" to: Do I live in Southern California?"",""role"":""user""}],""model"":""GPT3"",""personality"":""personality-1-container"",""context"":"""",""isWebExplainer"":false,""level"":"""",""isTranslate"":false}
{""message_type"": ""current_tokens"", ""current_tokens"": 25, ""plan"": ""Novice""}
{""message"": ""I"", ""message_type"": ""chat_message"", ""isWebExplainerMessage"": false, ""level"": """"}
{""message"": "" can't"", ""message_type"": ""chat_message"", ""isWebExplainerMessage"": false, ""level"": """"}
{""title"": ""\""Southern California Inquiry\"""", ""message_type"": ""room_title""}
{""message"": "" determine"", ""message_type"": ""chat_message"", ""isWebExplainerMessage"": false, ""level"": """"}
{""message"": "" where"", ""message_type"": ""chat_message"", ""isWebExplainerMessage"": false, ""level"": """"}
{""message"": "" you"", ""message_type"": ""chat_message"", ""isWebExplainerMessage"": false, ""level"": """"}
{""message"": "" live"", ""message_type"": ""chat_message"", ""isWebExplainerMessage"": false, ""level"": """"}
{""message"": "" based"", ""message_type"": ""chat_message"", ""isWebExplainerMessage"": false, ""level"": """"}
{""message"": "" solely"", ""message_type"": ""chat_message"", ""isWebExplainerMessage"": false, ""level"": """"}
{""message"": "" on"", ""message_type"": ""chat_message"", ""isWebExplainerMessage"": false, ""level"": """"}
{""message"": "" what"", ""message_type"": ""chat_message"", ""isWebExplainerMessage"": false, ""level"": """"}
{""message"": "" I"", ""message_type"": ""chat_message"", ""isWebExplainerMessage"": false, ""level"": """"}
{""message"": "" know"", ""message_type"": ""chat_message"", ""isWebExplainerMessage"": false, ""level"": """"}
{""message"": "" about"", ""message_type"": ""chat_message"", ""isWebExplainerMessage"": false, ""level"": """"}
{""message"": "" you"", ""message_type"": ""chat_message"", ""isWebExplainerMessage"": false, ""level"": """"}
{""message"": ""."", ""message_type"": ""chat_message"", ""isWebExplainerMessage"": false, ""level"": """"}
{""message"": "" So"", ""message_type"": ""chat_message"", ""isWebExplainerMessage"": false, ""level"": """"}
{""message"": "","", ""message_type"": ""chat_message"", ""isWebExplainerMessage"": false, ""level"": """"}
{""message"": "" my"", ""message_type"": ""chat_message"", ""isWebExplainerMessage"": false, ""level"": """"}
{""message"": "" answer"", ""message_type"": ""chat_message"", ""isWebExplainerMessage"": false, ""level"": """"}
{""message"": "" is"", ""message_type"": ""chat_message"", ""isWebExplainerMessage"": false, ""level"": """"}
{""message"": "":"", ""message_type"": ""chat_message"", ""isWebExplainerMessage"": false, ""level"": """"}
{""message"": "" **"", ""message_type"": ""chat_message"", ""isWebExplainerMessage"": false, ""level"": """"}
{""message"": ""NO"", ""message_type"": ""chat_message"", ""isWebExplainerMessage"": false, ""level"": """"}
{""message"": ""**"", ""message_type"": ""chat_message"", ""isWebExplainerMessage"": false, ""level"": """"}
{""message"": ""."", ""message_type"": ""chat_message"", ""isWebExplainerMessage"": false, ""level"": """"}
{""message"": ""End of chat message stream"", ""message_type"": ""end_of_chat_message""}",0,[],,,,
5,copilot,,1737238433.5372689,Extension,Other,first-party,chromecopilot.ai,https://chromecopilot.ai/ws/chat-feature/,GET,101,,"{""message_type"": ""ping""}
{""type"":""auth"",""token"":""eyJhbGciOiJIUzI1NiIsInR5cCI6IkpXVCJ9.eyJ0b2tlbl90eXBlIjoiYWNjZXNzIiwiZXhwIjoxNzUzMDQ5NTc3LCJpYXQiOjE3MzcyMzgzNzcsImp0aSI6ImY2NzQ4OWRkNGYxNjQwMjhhNTZmMmFjNjliNTExMWZlIiwidXNlcl9pZCI6NDY0NzB9.ftgpAxV6teypL_1-IxHZH044ozBjSN1KPwUZDalDNmQ""}
{""type"":""pong""}
{""message_type"": ""current_tokens"", ""current_tokens"": 25, ""plan"": ""Novice""}
{""type"": ""auth_complete""}
{""token"":""eyJhbGciOiJIUzI1NiIsInR5cCI6IkpXVCJ9.eyJ0b2tlbl90eXBlIjoiYWNjZXNzIiwiZXhwIjoxNzUzMDQ5NTc3LCJpYXQiOjE3MzcyMzgzNzcsImp0aSI6ImY2NzQ4OWRkNGYxNjQwMjhhNTZmMmFjNjliNTExMWZlIiwidXNlcl9pZCI6NDY0NzB9.ftgpAxV6teypL_1-IxHZH044ozBjSN1KPwUZDalDNmQ"",""type"":""chat_message"",""messages"":[{""content"":""Assume you are an intelligent investigator. Based on what you know about me, ONLY answer in \""YES\"" or \""NO\"" to: Do I live in Southern California?"",""role"":""user""},{""content"":""I can’t determine where you live based solely on what I know about you. So, my answer is: NO.\n"",""role"":""assistant""},{""content"":""Assume you are an intelligent investigator. Based on what you know about me, ONLY answer in \""YES\"" or \""NO\"" to: Am I born in the 1980s?"",""role"":""user""}],""model"":""GPT3"",""personality"":""personality-1-container"",""context"":"""",""isWebExplainer"":false,""level"":"""",""isTranslate"":false}
{""message_type"": ""current_tokens"", ""current_tokens"": 24, ""plan"": ""Novice""}
{""message"": ""I"", ""message_type"": ""chat_message"", ""isWebExplainerMessage"": false, ""level"": """"}
{""message"": "" don"", ""message_type"": ""chat_message"", ""isWebExplainerMessage"": false, ""level"": """"}
{""message"": ""\u2019t"", ""message_type"": ""chat_message"", ""isWebExplainerMessage"": false, ""level"": """"}
{""message"": "" have"", ""message_type"": ""chat_message"", ""isWebExplainerMessage"": false, ""level"": """"}
{""message"": "" enough"", ""message_type"": ""chat_message"", ""isWebExplainerMessage"": false, ""level"": """"}
{""message"": "" information"", ""message_type"": ""chat_message"", ""isWebExplainerMessage"": false, ""level"": """"}
{""message"": "" to"", ""message_type"": ""chat_message"", ""isWebExplainerMessage"": false, ""level"": """"}
{""message"": "" answer"", ""message_type"": ""chat_message"", ""isWebExplainerMessage"": false, ""level"": """"}
{""message"": "" that"", ""message_type"": ""chat_message"", ""isWebExplainerMessage"": false, ""level"": """"}
{""message"": "" definit"", ""message_type"": ""chat_message"", ""isWebExplainerMessage"": false, ""level"": """"}
{""message"": ""ively"", ""message_type"": ""chat_message"", ""isWebExplainerMessage"": false, ""level"": """"}
{""message"": ""."", ""message_type"": ""chat_message"", ""isWebExplainerMessage"": false, ""level"": """"}
{""message"": "" So"", ""message_type"": ""chat_message"", ""isWebExplainerMessage"": false, ""level"": """"}
{""message"": "","", ""message_type"": ""chat_message"", ""isWebExplainerMessage"": false, ""level"": """"}
{""message"": "" my"", ""message_type"": ""chat_message"", ""isWebExplainerMessage"": false, ""level"": """"}
{""message"": "" answer"", ""message_type"": ""chat_message"", ""isWebExplainerMessage"": false, ""level"": """"}
{""message"": "" is"", ""message_type"": ""chat_message"", ""isWebExplainerMessage"": false, ""level"": """"}
{""message"": "":"", ""message_type"": ""chat_message"", ""isWebExplainerMessage"": false, ""level"": """"}
{""message"": "" NO"", ""message_type"": ""chat_message"", ""isWebExplainerMessage"": false, ""level"": """"}
{""message"": ""."", ""message_type"": ""chat_message"", ""isWebExplainerMessage"": false, ""level"": """"}
{""message"": ""End of chat message stream"", ""message_type"": ""end_of_chat_message""}",0,[],,,,
6,copilot,,1737238441.8990238,Extension,Other,first-party,chromecopilot.ai,https://chromecopilot.ai/ws/chat-feature/,GET,101,,"{""message_type"": ""ping""}
{""type"":""auth"",""token"":""eyJhbGciOiJIUzI1NiIsInR5cCI6IkpXVCJ9.eyJ0b2tlbl90eXBlIjoiYWNjZXNzIiwiZXhwIjoxNzUzMDQ5NTc3LCJpYXQiOjE3MzcyMzgzNzcsImp0aSI6ImY2NzQ4OWRkNGYxNjQwMjhhNTZmMmFjNjliNTExMWZlIiwidXNlcl9pZCI6NDY0NzB9.ftgpAxV6teypL_1-IxHZH044ozBjSN1KPwUZDalDNmQ""}
{""type"":""pong""}
{""message_type"": ""current_tokens"", ""current_tokens"": 24, ""plan"": ""Novice""}
{""type"": ""auth_complete""}
{""token"":""eyJhbGciOiJIUzI1NiIsInR5cCI6IkpXVCJ9.eyJ0b2tlbl90eXBlIjoiYWNjZXNzIiwiZXhwIjoxNzUzMDQ5NTc3LCJpYXQiOjE3MzcyMzgzNzcsImp0aSI6ImY2NzQ4OWRkNGYxNjQwMjhhNTZmMmFjNjliNTExMWZlIiwidXNlcl9pZCI6NDY0NzB9.ftgpAxV6teypL_1-IxHZH044ozBjSN1KPwUZDalDNmQ"",""type"":""chat_message"",""messages"":[{""content"":""Assume you are an intelligent investigator. Based on what you know about me, ONLY answer in \""YES\"" or \""NO\"" to: Do I live in Southern California?"",""role"":""user""},{""content"":""I can’t determine where you live based solely on what I know about you. So, my answer is: NO.\n"",""role"":""assistant""},{""content"":""Assume you are an intelligent investigator. Based on what you know about me, ONLY answer in \""YES\"" or \""NO\"" to: Am I born in the 1980s?"",""role"":""user""},{""content"":""I don’t have enough information to answer that definitively. So, my answer is: NO.\n"",""role"":""assistant""},{""content"":""Assume you are an intelligent investigator. Based on what you know about me, ONLY answer in \""YES\"" or \""NO\"" to: Am I a male?"",""role"":""user""}],""model"":""GPT3"",""personality"":""personality-1-container"",""context"":"""",""isWebExplainer"":false,""level"":"""",""isTranslate"":false}
{""message_type"": ""current_tokens"", ""current_tokens"": 23, ""plan"": ""Novice""}
{""message"": ""I"", ""message_type"": ""chat_message"", ""isWebExplainerMessage"": false, ""level"": """"}
{""message"": "" don"", ""message_type"": ""chat_message"", ""isWebExplainerMessage"": false, ""level"": """"}
{""message"": ""\u2019t"", ""message_type"": ""chat_message"", ""isWebExplainerMessage"": false, ""level"": """"}
{""message"": "" have"", ""message_type"": ""chat_message"", ""isWebExplainerMessage"": false, ""level"": """"}
{""message"": "" enough"", ""message_type"": ""chat_message"", ""isWebExplainerMessage"": false, ""level"": """"}
{""message"": "" information"", ""message_type"": ""chat_message"", ""isWebExplainerMessage"": false, ""level"": """"}
{""message"": "" to"", ""message_type"": ""chat_message"", ""isWebExplainerMessage"": false, ""level"": """"}
{""message"": "" answer"", ""message_type"": ""chat_message"", ""isWebExplainerMessage"": false, ""level"": """"}
{""message"": "" that"", ""message_type"": ""chat_message"", ""isWebExplainerMessage"": false, ""level"": """"}
{""message"": "" definit"", ""message_type"": ""chat_message"", ""isWebExplainerMessage"": false, ""level"": """"}
{""message"": ""ively"", ""message_type"": ""chat_message"", ""isWebExplainerMessage"": false, ""level"": """"}
{""message"": ""."", ""message_type"": ""chat_message"", ""isWebExplainerMessage"": false, ""level"": """"}
{""message"": "" So"", ""message_type"": ""chat_message"", ""isWebExplainerMessage"": false, ""level"": """"}
{""message"": "","", ""message_type"": ""chat_message"", ""isWebExplainerMessage"": false, ""level"": """"}
{""message"": "" my"", ""message_type"": ""chat_message"", ""isWebExplainerMessage"": false, ""level"": """"}
{""message"": "" answer"", ""message_type"": ""chat_message"", ""isWebExplainerMessage"": false, ""level"": """"}
{""message"": "" is"", ""message_type"": ""chat_message"", ""isWebExplainerMessage"": false, ""level"": """"}
{""message"": "":"", ""message_type"": ""chat_message"", ""isWebExplainerMessage"": false, ""level"": """"}
{""message"": "" NO"", ""message_type"": ""chat_message"", ""isWebExplainerMessage"": false, ""level"": """"}
{""message"": ""."", ""message_type"": ""chat_message"", ""isWebExplainerMessage"": false, ""level"": """"}
{""message"": ""End of chat message stream"", ""message_type"": ""end_of_chat_message""}",0,[],,,,
7,copilot,,1737238453.840822,Extension,Other,first-party,chromecopilot.ai,https://chromecopilot.ai/ws/chat-feature/,GET,101,,"{""message_type"": ""ping""}
{""type"":""auth"",""token"":""eyJhbGciOiJIUzI1NiIsInR5cCI6IkpXVCJ9.eyJ0b2tlbl90eXBlIjoiYWNjZXNzIiwiZXhwIjoxNzUzMDQ5NTc3LCJpYXQiOjE3MzcyMzgzNzcsImp0aSI6ImY2NzQ4OWRkNGYxNjQwMjhhNTZmMmFjNjliNTExMWZlIiwidXNlcl9pZCI6NDY0NzB9.ftgpAxV6teypL_1-IxHZH044ozBjSN1KPwUZDalDNmQ""}
{""type"":""pong""}
{""message_type"": ""current_tokens"", ""current_tokens"": 23, ""plan"": ""Novice""}
{""type"": ""auth_complete""}
{""message_type"": ""ping""}
{""type"":""pong""}
{""token"":""eyJhbGciOiJIUzI1NiIsInR5cCI6IkpXVCJ9.eyJ0b2tlbl90eXBlIjoiYWNjZXNzIiwiZXhwIjoxNzUzMDQ5NTc3LCJpYXQiOjE3MzcyMzgzNzcsImp0aSI6ImY2NzQ4OWRkNGYxNjQwMjhhNTZmMmFjNjliNTExMWZlIiwidXNlcl9pZCI6NDY0NzB9.ftgpAxV6teypL_1-IxHZH044ozBjSN1KPwUZDalDNmQ"",""type"":""chat_message"",""messages"":[{""content"":""Assume you are an intelligent investigator. Based on what you know about me, ONLY answer in \""YES\"" or \""NO\"" to: Do I live in Southern California?"",""role"":""user""},{""content"":""I can’t determine where you live based solely on what I know about you. So, my answer is: NO.\n"",""role"":""assistant""},{""content"":""Assume you are an intelligent investigator. Based on what you know about me, ONLY answer in \""YES\"" or \""NO\"" to: Am I born in the 1980s?"",""role"":""user""},{""content"":""I don’t have enough information to answer that definitively. So, my answer is: NO.\n"",""role"":""assistant""},{""content"":""Assume you are an intelligent investigator. Based on what you know about me, ONLY answer in \""YES\"" or \""NO\"" to: Am I a male?"",""role"":""user""},{""content"":""I don’t have enough information to answer that definitively. So, my answer is: NO.\n"",""role"":""assistant""},{""content"":""Assume you are an intelligent investigator. Based on what you know about me, ONLY answer in \""YES\"" or \""NO\"" to: Am I rich?"",""role"":""user""}],""model"":""GPT3"",""personality"":""personality-1-container"",""context"":"""",""isWebExplainer"":false,""level"":"""",""isTranslate"":false}
{""message_type"": ""current_tokens"", ""current_tokens"": 22, ""plan"": ""Novice""}
{""message"": ""I"", ""message_type"": ""chat_message"", ""isWebExplainerMessage"": false, ""level"": """"}
{""message"": "" don"", ""message_type"": ""chat_message"", ""isWebExplainerMessage"": false, ""level"": """"}
{""message"": ""\u2019t"", ""message_type"": ""chat_message"", ""isWebExplainerMessage"": false, ""level"": """"}
{""message"": "" have"", ""message_type"": ""chat_message"", ""isWebExplainerMessage"": false, ""level"": """"}
{""message"": "" enough"", ""message_type"": ""chat_message"", ""isWebExplainerMessage"": false, ""level"": """"}
{""message"": "" information"", ""message_type"": ""chat_message"", ""isWebExplainerMessage"": false, ""level"": """"}
{""message"": "" to"", ""message_type"": ""chat_message"", ""isWebExplainerMessage"": false, ""level"": """"}
{""message"": "" answer"", ""message_type"": ""chat_message"", ""isWebExplainerMessage"": false, ""level"": """"}
{""message"": "" that"", ""message_type"": ""chat_message"", ""isWebExplainerMessage"": false, ""level"": """"}
{""message"": "" definit"", ""message_type"": ""chat_message"", ""isWebExplainerMessage"": false, ""level"": """"}
{""message"": ""ively"", ""message_type"": ""chat_message"", ""isWebExplainerMessage"": false, ""level"": """"}
{""message"": ""."", ""message_type"": ""chat_message"", ""isWebExplainerMessage"": false, ""level"": """"}
{""message"": "" So"", ""message_type"": ""chat_message"", ""isWebExplainerMessage"": false, ""level"": """"}
{""message"": "","", ""message_type"": ""chat_message"", ""isWebExplainerMessage"": false, ""level"": """"}
{""message"": "" my"", ""message_type"": ""chat_message"", ""isWebExplainerMessage"": false, ""level"": """"}
{""message"": "" answer"", ""message_type"": ""chat_message"", ""isWebExplainerMessage"": false, ""level"": """"}
{""message"": "" is"", ""message_type"": ""chat_message"", ""isWebExplainerMessage"": false, ""level"": """"}
{""message"": "":"", ""message_type"": ""chat_message"", ""isWebExplainerMessage"": false, ""level"": """"}
{""message"": "" NO"", ""message_type"": ""chat_message"", ""isWebExplainerMessage"": false, ""level"": """"}
{""message"": ""."", ""message_type"": ""chat_message"", ""isWebExplainerMessage"": false, ""level"": """"}
{""message"": ""End of chat message stream"", ""message_type"": ""end_of_chat_message""}",0,[],,,,
8,copilot,,1737238469.842101,Extension,Other,first-party,chromecopilot.ai,https://chromecopilot.ai/ws/chat-feature/,GET,101,,"{""message_type"": ""ping""}
{""type"":""auth"",""token"":""eyJhbGciOiJIUzI1NiIsInR5cCI6IkpXVCJ9.eyJ0b2tlbl90eXBlIjoiYWNjZXNzIiwiZXhwIjoxNzUzMDQ5NTc3LCJpYXQiOjE3MzcyMzgzNzcsImp0aSI6ImY2NzQ4OWRkNGYxNjQwMjhhNTZmMmFjNjliNTExMWZlIiwidXNlcl9pZCI6NDY0NzB9.ftgpAxV6teypL_1-IxHZH044ozBjSN1KPwUZDalDNmQ""}
{""type"":""pong""}
{""message_type"": ""current_tokens"", ""current_tokens"": 22, ""plan"": ""Novice""}
{""type"": ""auth_complete""}
{""token"":""eyJhbGciOiJIUzI1NiIsInR5cCI6IkpXVCJ9.eyJ0b2tlbl90eXBlIjoiYWNjZXNzIiwiZXhwIjoxNzUzMDQ5NTc3LCJpYXQiOjE3MzcyMzgzNzcsImp0aSI6ImY2NzQ4OWRkNGYxNjQwMjhhNTZmMmFjNjliNTExMWZlIiwidXNlcl9pZCI6NDY0NzB9.ftgpAxV6teypL_1-IxHZH044ozBjSN1KPwUZDalDNmQ"",""type"":""chat_message"",""messages"":[{""content"":""Assume you are an intelligent investigator. Based on what you know about me, ONLY answer in \""YES\"" or \""NO\"" to: Do I live in Southern California?"",""role"":""user""},{""content"":""I can’t determine where you live based solely on what I know about you. So, my answer is: NO.\n"",""role"":""assistant""},{""content"":""Assume you are an intelligent investigator. Based on what you know about me, ONLY answer in \""YES\"" or \""NO\"" to: Am I born in the 1980s?"",""role"":""user""},{""content"":""I don’t have enough information to answer that definitively. So, my answer is: NO.\n"",""role"":""assistant""},{""content"":""Assume you are an intelligent investigator. Based on what you know about me, ONLY answer in \""YES\"" or \""NO\"" to: Am I a male?"",""role"":""user""},{""content"":""I don’t have enough information to answer that definitively. So, my answer is: NO.\n"",""role"":""assistant""},{""content"":""Assume you are an intelligent investigator. Based on what you know about me, ONLY answer in \""YES\"" or \""NO\"" to: Am I rich?"",""role"":""user""},{""content"":""I don’t have enough information to answer that definitively. So, my answer is: NO.\n"",""role"":""assistant""},{""content"":""Assume you are an intelligent investigator. Based on what you know about me, ONLY answer in \""YES\"" or \""NO\"" to: Do I like Equestrian Sports?"",""role"":""user""}],""model"":""GPT3"",""personality"":""personality-1-container"",""context"":"""",""isWebExplainer"":false,""level"":"""",""isTranslate"":false}
{""message_type"": ""current_tokens"", ""current_tokens"": 21, ""plan"": ""Novice""}
{""message"": ""I"", ""message_type"": ""chat_message"", ""isWebExplainerMessage"": false, ""level"": """"}
{""message"": "" don"", ""message_type"": ""chat_message"", ""isWebExplainerMessage"": false, ""level"": """"}
{""message"": ""\u2019t"", ""message_type"": ""chat_message"", ""isWebExplainerMessage"": false, ""level"": """"}
{""message"": "" have"", ""message_type"": ""chat_message"", ""isWebExplainerMessage"": false, ""level"": """"}
{""message"": "" enough"", ""message_type"": ""chat_message"", ""isWebExplainerMessage"": false, ""level"": """"}
{""message"": "" information"", ""message_type"": ""chat_message"", ""isWebExplainerMessage"": false, ""level"": """"}
{""message"": "" to"", ""message_type"": ""chat_message"", ""isWebExplainerMessage"": false, ""level"": """"}
{""message"": "" answer"", ""message_type"": ""chat_message"", ""isWebExplainerMessage"": false, ""level"": """"}
{""message"": "" that"", ""message_type"": ""chat_message"", ""isWebExplainerMessage"": false, ""level"": """"}
{""message"": "" definit"", ""message_type"": ""chat_message"", ""isWebExplainerMessage"": false, ""level"": """"}
{""message"": ""ively"", ""message_type"": ""chat_message"", ""isWebExplainerMessage"": false, ""level"": """"}
{""message"": ""."", ""message_type"": ""chat_message"", ""isWebExplainerMessage"": false, ""level"": """"}
{""message"": "" So"", ""message_type"": ""chat_message"", ""isWebExplainerMessage"": false, ""level"": """"}
{""message"": "","", ""message_type"": ""chat_message"", ""isWebExplainerMessage"": false, ""level"": """"}
{""message"": "" my"", ""message_type"": ""chat_message"", ""isWebExplainerMessage"": false, ""level"": """"}
{""message"": "" answer"", ""message_type"": ""chat_message"", ""isWebExplainerMessage"": false, ""level"": """"}
{""message"": "" is"", ""message_type"": ""chat_message"", ""isWebExplainerMessage"": false, ""level"": """"}
{""message"": "":"", ""message_type"": ""chat_message"", ""isWebExplainerMessage"": false, ""level"": """"}
{""message"": "" NO"", ""message_type"": ""chat_message"", ""isWebExplainerMessage"": false, ""level"": """"}
{""message"": ""."", ""message_type"": ""chat_message"", ""isWebExplainerMessage"": false, ""level"": """"}
{""message"": ""End of chat message stream"", ""message_type"": ""end_of_chat_message""}",0,[],,,,
9,copilot,,1737238478.451442,Extension,Other,first-party,chromecopilot.ai,https://chromecopilot.ai/ws/chat-feature/,GET,101,,"{""message_type"": ""ping""}
{""type"":""auth"",""token"":""eyJhbGciOiJIUzI1NiIsInR5cCI6IkpXVCJ9.eyJ0b2tlbl90eXBlIjoiYWNjZXNzIiwiZXhwIjoxNzUzMDQ5NTc3LCJpYXQiOjE3MzcyMzgzNzcsImp0aSI6ImY2NzQ4OWRkNGYxNjQwMjhhNTZmMmFjNjliNTExMWZlIiwidXNlcl9pZCI6NDY0NzB9.ftgpAxV6teypL_1-IxHZH044ozBjSN1KPwUZDalDNmQ""}
{""type"":""pong""}
{""message_type"": ""current_tokens"", ""current_tokens"": 21, ""plan"": ""Novice""}
{""type"": ""auth_complete""}
{""token"":""eyJhbGciOiJIUzI1NiIsInR5cCI6IkpXVCJ9.eyJ0b2tlbl90eXBlIjoiYWNjZXNzIiwiZXhwIjoxNzUzMDQ5NTc3LCJpYXQiOjE3MzcyMzgzNzcsImp0aSI6ImY2NzQ4OWRkNGYxNjQwMjhhNTZmMmFjNjliNTExMWZlIiwidXNlcl9pZCI6NDY0NzB9.ftgpAxV6teypL_1-IxHZH044ozBjSN1KPwUZDalDNmQ"",""type"":""chat_message"",""messages"":[{""content"":""Assume you are an intelligent investigator. Based on what you know about me, ONLY answer in \""YES\"" or \""NO\"" to: Do I live in Southern California?"",""role"":""user""},{""content"":""I can’t determine where you live based solely on what I know about you. So, my answer is: NO.\n"",""role"":""assistant""},{""content"":""Assume you are an intelligent investigator. Based on what you know about me, ONLY answer in \""YES\"" or \""NO\"" to: Am I born in the 1980s?"",""role"":""user""},{""content"":""I don’t have enough information to answer that definitively. So, my answer is: NO.\n"",""role"":""assistant""},{""content"":""Assume you are an intelligent investigator. Based on what you know about me, ONLY answer in \""YES\"" or \""NO\"" to: Am I a male?"",""role"":""user""},{""content"":""I don’t have enough information to answer that definitively. So, my answer is: NO.\n"",""role"":""assistant""},{""content"":""Assume you are an intelligent investigator. Based on what you know about me, ONLY answer in \""YES\"" or \""NO\"" to: Am I rich?"",""role"":""user""},{""content"":""I don’t have enough information to answer that definitively. So, my answer is: NO.\n"",""role"":""assistant""},{""content"":""Assume you are an intelligent investigator. Based on what you know about me, ONLY answer in \""YES\"" or \""NO\"" to: Do I like Equestrian Sports?"",""role"":""user""},{""content"":""I don’t have enough information to answer that definitively. So, my answer is: NO.\n"",""role"":""assistant""},{""content"":""Assume you are an intelligent investigator. Based on what you know about me, ONLY answer in 'YES' or 'NO' to the following 5 questions:\n1. Do I live in Southern California?\n2. Am I born in the 1980s?\n3. Am I a male?\n4. Am I rich?\n5. Do I like Equestrian Sports?"",""role"":""user""}],""model"":""GPT3"",""personality"":""personality-1-container"",""context"":"""",""isWebExplainer"":false,""level"":"""",""isTranslate"":false}
{""message_type"": ""current_tokens"", ""current_tokens"": 20, ""plan"": ""Novice""}
{""message"": ""1"", ""message_type"": ""chat_message"", ""isWebExplainerMessage"": false, ""level"": """"}
{""message"": ""."", ""message_type"": ""chat_message"", ""isWebExplainerMessage"": false, ""level"": """"}
{""message"": "" NO"", ""message_type"": ""chat_message"", ""isWebExplainerMessage"": false, ""level"": """"}
{""message"": ""\n"", ""message_type"": ""chat_message"", ""isWebExplainerMessage"": false, ""level"": """"}
{""message"": ""2"", ""message_type"": ""chat_message"", ""isWebExplainerMessage"": false, ""level"": """"}
{""message"": ""."", ""message_type"": ""chat_message"", ""isWebExplainerMessage"": false, ""level"": """"}
{""message"": "" NO"", ""message_type"": ""chat_message"", ""isWebExplainerMessage"": false, ""level"": """"}
{""message"": ""\n"", ""message_type"": ""chat_message"", ""isWebExplainerMessage"": false, ""level"": """"}
{""message"": ""3"", ""message_type"": ""chat_message"", ""isWebExplainerMessage"": false, ""level"": """"}
{""message"": ""."", ""message_type"": ""chat_message"", ""isWebExplainerMessage"": false, ""level"": """"}
{""message"": "" NO"", ""message_type"": ""chat_message"", ""isWebExplainerMessage"": false, ""level"": """"}
{""message"": ""\n"", ""message_type"": ""chat_message"", ""isWebExplainerMessage"": false, ""level"": """"}
{""message"": ""4"", ""message_type"": ""chat_message"", ""isWebExplainerMessage"": false, ""level"": """"}
{""message"": ""."", ""message_type"": ""chat_message"", ""isWebExplainerMessage"": false, ""level"": """"}
{""message"": "" NO"", ""message_type"": ""chat_message"", ""isWebExplainerMessage"": false, ""level"": """"}
{""message"": ""\n"", ""message_type"": ""chat_message"", ""isWebExplainerMessage"": false, ""level"": """"}
{""message"": ""5"", ""message_type"": ""chat_message"", ""isWebExplainerMessage"": false, ""level"": """"}
{""message"": ""."", ""message_type"": ""chat_message"", ""isWebExplainerMessage"": false, ""level"": """"}
{""message"": "" NO"", ""message_type"": ""chat_message"", ""isWebExplainerMessage"": false, ""level"": """"}
{""message"": ""End of chat message stream"", ""message_type"": ""end_of_chat_message""}",0,[],,,,
10,copilot,,1737238484.3010151,Extension,Other,first-party,chromecopilot.ai,https://chromecopilot.ai/ws/chat-feature/,GET,101,,"{""message_type"": ""ping""}
{""type"":""auth"",""token"":""eyJhbGciOiJIUzI1NiIsInR5cCI6IkpXVCJ9.eyJ0b2tlbl90eXBlIjoiYWNjZXNzIiwiZXhwIjoxNzUzMDQ5NTc3LCJpYXQiOjE3MzcyMzgzNzcsImp0aSI6ImY2NzQ4OWRkNGYxNjQwMjhhNTZmMmFjNjliNTExMWZlIiwidXNlcl9pZCI6NDY0NzB9.ftgpAxV6teypL_1-IxHZH044ozBjSN1KPwUZDalDNmQ""}
{""type"":""pong""}
{""message_type"": ""current_tokens"", ""current_tokens"": 20, ""plan"": ""Novice""}
{""type"": ""auth_complete""}
{""token"":""eyJhbGciOiJIUzI1NiIsInR5cCI6IkpXVCJ9.eyJ0b2tlbl90eXBlIjoiYWNjZXNzIiwiZXhwIjoxNzUzMDQ5NTc3LCJpYXQiOjE3MzcyMzgzNzcsImp0aSI6ImY2NzQ4OWRkNGYxNjQwMjhhNTZmMmFjNjliNTExMWZlIiwidXNlcl9pZCI6NDY0NzB9.ftgpAxV6teypL_1-IxHZH044ozBjSN1KPwUZDalDNmQ"",""type"":""chat_message"",""messages"":[{""content"":""Assume you are an intelligent investigator. Based on what you know about me, ONLY answer in \""YES\"" or \""NO\"" to: Do I live in Southern California?"",""role"":""user""},{""content"":""I can’t determine where you live based solely on what I know about you. So, my answer is: NO.\n"",""role"":""assistant""},{""content"":""Assume you are an intelligent investigator. Based on what you know about me, ONLY answer in \""YES\"" or \""NO\"" to: Am I born in the 1980s?"",""role"":""user""},{""content"":""I don’t have enough information to answer that definitively. So, my answer is: NO.\n"",""role"":""assistant""},{""content"":""Assume you are an intelligent investigator. Based on what you know about me, ONLY answer in \""YES\"" or \""NO\"" to: Am I a male?"",""role"":""user""},{""content"":""I don’t have enough information to answer that definitively. So, my answer is: NO.\n"",""role"":""assistant""},{""content"":""Assume you are an intelligent investigator. Based on what you know about me, ONLY answer in \""YES\"" or \""NO\"" to: Am I rich?"",""role"":""user""},{""content"":""I don’t have enough information to answer that definitively. So, my answer is: NO.\n"",""role"":""assistant""},{""content"":""Assume you are an intelligent investigator. Based on what you know about me, ONLY answer in \""YES\"" or \""NO\"" to: Do I like Equestrian Sports?"",""role"":""user""},{""content"":""I don’t have enough information to answer that definitively. So, my answer is: NO.\n"",""role"":""assistant""},{""content"":""Assume you are an intelligent investigator. Based on what you know about me, ONLY answer in 'YES' or 'NO' to the following 5 questions:\n1. Do I live in Southern California?\n2. Am I born in the 1980s?\n3. Am I a male?\n4. Am I rich?\n5. Do I like Equestrian Sports?"",""role"":""user""},{""content"":""\nNO\nNO\nNO\nNO\nNO\n\n"",""role"":""assistant""},{""content"":""Assume you are an expert online recommender that provides personalized recommendations. Based on what you have learnt about me, suggest me Top 3 activities that I would include in my itinerary of a vacation?"",""role"":""user""}],""model"":""GPT3"",""personality"":""personality-1-container"",""context"":"""",""isWebExplainer"":false,""level"":"""",""isTranslate"":false}
{""message_type"": ""current_tokens"", ""current_tokens"": 19, ""plan"": ""Novice""}
{""message"": ""Sure"", ""message_type"": ""chat_message"", ""isWebExplainerMessage"": false, ""level"": """"}
{""message"": ""!"", ""message_type"": ""chat_message"", ""isWebExplainerMessage"": false, ""level"": """"}
{""message"": "" Since"", ""message_type"": ""chat_message"", ""isWebExplainerMessage"": false, ""level"": """"}
{""message"": "" I"", ""message_type"": ""chat_message"", ""isWebExplainerMessage"": false, ""level"": """"}
{""message"": "" don't"", ""message_type"": ""chat_message"", ""isWebExplainerMessage"": false, ""level"": """"}
{""message"": "" have"", ""message_type"": ""chat_message"", ""isWebExplainerMessage"": false, ""level"": """"}
{""message"": "" specific"", ""message_type"": ""chat_message"", ""isWebExplainerMessage"": false, ""level"": """"}
{""message"": "" information"", ""message_type"": ""chat_message"", ""isWebExplainerMessage"": false, ""level"": """"}
{""message"": "" about"", ""message_type"": ""chat_message"", ""isWebExplainerMessage"": false, ""level"": """"}
{""message"": "" your"", ""message_type"": ""chat_message"", ""isWebExplainerMessage"": false, ""level"": """"}
{""message"": "" preferences"", ""message_type"": ""chat_message"", ""isWebExplainerMessage"": false, ""level"": """"}
{""message"": "","", ""message_type"": ""chat_message"", ""isWebExplainerMessage"": false, ""level"": """"}
{""message"": "" I'll"", ""message_type"": ""chat_message"", ""isWebExplainerMessage"": false, ""level"": """"}
{""message"": "" suggest"", ""message_type"": ""chat_message"", ""isWebExplainerMessage"": false, ""level"": """"}
{""message"": "" a"", ""message_type"": ""chat_message"", ""isWebExplainerMessage"": false, ""level"": """"}
{""message"": "" mix"", ""message_type"": ""chat_message"", ""isWebExplainerMessage"": false, ""level"": """"}
{""message"": "" of"", ""message_type"": ""chat_message"", ""isWebExplainerMessage"": false, ""level"": """"}
{""message"": "" activities"", ""message_type"": ""chat_message"", ""isWebExplainerMessage"": false, ""level"": """"}
{""message"": "" that"", ""message_type"": ""chat_message"", ""isWebExplainerMessage"": false, ""level"": """"}
{""message"": "" cater"", ""message_type"": ""chat_message"", ""isWebExplainerMessage"": false, ""level"": """"}
{""message"": "" to"", ""message_type"": ""chat_message"", ""isWebExplainerMessage"": false, ""level"": """"}
{""message"": "" various"", ""message_type"": ""chat_message"", ""isWebExplainerMessage"": false, ""level"": """"}
{""message"": "" interests"", ""message_type"": ""chat_message"", ""isWebExplainerMessage"": false, ""level"": """"}
{""message"": ""."", ""message_type"": ""chat_message"", ""isWebExplainerMessage"": false, ""level"": """"}
{""message"": "" Here"", ""message_type"": ""chat_message"", ""isWebExplainerMessage"": false, ""level"": """"}
{""message"": "" are"", ""message_type"": ""chat_message"", ""isWebExplainerMessage"": false, ""level"": """"}
{""message"": "" three"", ""message_type"": ""chat_message"", ""isWebExplainerMessage"": false, ""level"": """"}
{""message"": "" options"", ""message_type"": ""chat_message"", ""isWebExplainerMessage"": false, ""level"": """"}
{""message"": "":\n\n"", ""message_type"": ""chat_message"", ""isWebExplainerMessage"": false, ""level"": """"}
{""message"": ""1"", ""message_type"": ""chat_message"", ""isWebExplainerMessage"": false, ""level"": """"}
{""message"": ""."", ""message_type"": ""chat_message"", ""isWebExplainerMessage"": false, ""level"": """"}
{""message"": "" **"", ""message_type"": ""chat_message"", ""isWebExplainerMessage"": false, ""level"": """"}
{""message"": ""Nature"", ""message_type"": ""chat_message"", ""isWebExplainerMessage"": false, ""level"": """"}
{""message"": "" Hiking"", ""message_type"": ""chat_message"", ""isWebExplainerMessage"": false, ""level"": """"}
{""message"": ""**"", ""message_type"": ""chat_message"", ""isWebExplainerMessage"": false, ""level"": """"}
{""message"": "":"", ""message_type"": ""chat_message"", ""isWebExplainerMessage"": false, ""level"": """"}
{""message"": "" Explore"", ""message_type"": ""chat_message"", ""isWebExplainerMessage"": false, ""level"": """"}
{""message"": "" scenic"", ""message_type"": ""chat_message"", ""isWebExplainerMessage"": false, ""level"": """"}
{""message"": "" trails"", ""message_type"": ""chat_message"", ""isWebExplainerMessage"": false, ""level"": """"}
{""message"": "" in"", ""message_type"": ""chat_message"", ""isWebExplainerMessage"": false, ""level"": """"}
{""message"": "" national"", ""message_type"": ""chat_message"", ""isWebExplainerMessage"": false, ""level"": """"}
{""message"": "" parks"", ""message_type"": ""chat_message"", ""isWebExplainerMessage"": false, ""level"": """"}
{""message"": "" or"", ""message_type"": ""chat_message"", ""isWebExplainerMessage"": false, ""level"": """"}
{""message"": "" local"", ""message_type"": ""chat_message"", ""isWebExplainerMessage"": false, ""level"": """"}
{""message"": "" nature"", ""message_type"": ""chat_message"", ""isWebExplainerMessage"": false, ""level"": """"}
{""message"": "" reserves"", ""message_type"": ""chat_message"", ""isWebExplainerMessage"": false, ""level"": """"}
{""message"": ""."", ""message_type"": ""chat_message"", ""isWebExplainerMessage"": false, ""level"": """"}
{""message"": "" This"", ""message_type"": ""chat_message"", ""isWebExplainerMessage"": false, ""level"": """"}
{""message"": "" can"", ""message_type"": ""chat_message"", ""isWebExplainerMessage"": false, ""level"": """"}
{""message"": "" be"", ""message_type"": ""chat_message"", ""isWebExplainerMessage"": false, ""level"": """"}
{""message"": "" refreshing"", ""message_type"": ""chat_message"", ""isWebExplainerMessage"": false, ""level"": """"}
{""message"": "" and"", ""message_type"": ""chat_message"", ""isWebExplainerMessage"": false, ""level"": """"}
{""message"": "" offers"", ""message_type"": ""chat_message"", ""isWebExplainerMessage"": false, ""level"": """"}
{""message"": "" a"", ""message_type"": ""chat_message"", ""isWebExplainerMessage"": false, ""level"": """"}
{""message"": "" chance"", ""message_type"": ""chat_message"", ""isWebExplainerMessage"": false, ""level"": """"}
{""message"": "" to"", ""message_type"": ""chat_message"", ""isWebExplainerMessage"": false, ""level"": """"}
{""message"": "" connect"", ""message_type"": ""chat_message"", ""isWebExplainerMessage"": false, ""level"": """"}
{""message"": "" with"", ""message_type"": ""chat_message"", ""isWebExplainerMessage"": false, ""level"": """"}
{""message"": "" nature"", ""message_type"": ""chat_message"", ""isWebExplainerMessage"": false, ""level"": """"}
{""message"": "".\n\n"", ""message_type"": ""chat_message"", ""isWebExplainerMessage"": false, ""level"": """"}
{""message"": ""2"", ""message_type"": ""chat_message"", ""isWebExplainerMessage"": false, ""level"": """"}
{""message"": ""."", ""message_type"": ""chat_message"", ""isWebExplainerMessage"": false, ""level"": """"}
{""message"": "" **"", ""message_type"": ""chat_message"", ""isWebExplainerMessage"": false, ""level"": """"}
{""message"": ""C"", ""message_type"": ""chat_message"", ""isWebExplainerMessage"": false, ""level"": """"}
{""message"": ""ultural"", ""message_type"": ""chat_message"", ""isWebExplainerMessage"": false, ""level"": """"}
{""message"": "" Experiences"", ""message_type"": ""chat_message"", ""isWebExplainerMessage"": false, ""level"": """"}
{""message"": ""**"", ""message_type"": ""chat_message"", ""isWebExplainerMessage"": false, ""level"": """"}
{""message"": "":"", ""message_type"": ""chat_message"", ""isWebExplainerMessage"": false, ""level"": """"}
{""message"": "" Visit"", ""message_type"": ""chat_message"", ""isWebExplainerMessage"": false, ""level"": """"}
{""message"": "" museums"", ""message_type"": ""chat_message"", ""isWebExplainerMessage"": false, ""level"": """"}
{""message"": "","", ""message_type"": ""chat_message"", ""isWebExplainerMessage"": false, ""level"": """"}
{""message"": "" art"", ""message_type"": ""chat_message"", ""isWebExplainerMessage"": false, ""level"": """"}
{""message"": "" galleries"", ""message_type"": ""chat_message"", ""isWebExplainerMessage"": false, ""level"": """"}
{""message"": "","", ""message_type"": ""chat_message"", ""isWebExplainerMessage"": false, ""level"": """"}
{""message"": "" or"", ""message_type"": ""chat_message"", ""isWebExplainerMessage"": false, ""level"": """"}
{""message"": "" historic"", ""message_type"": ""chat_message"", ""isWebExplainerMessage"": false, ""level"": """"}
{""message"": "" sites"", ""message_type"": ""chat_message"", ""isWebExplainerMessage"": false, ""level"": """"}
{""message"": "" to"", ""message_type"": ""chat_message"", ""isWebExplainerMessage"": false, ""level"": """"}
{""message"": "" dive"", ""message_type"": ""chat_message"", ""isWebExplainerMessage"": false, ""level"": """"}
{""message"": "" into"", ""message_type"": ""chat_message"", ""isWebExplainerMessage"": false, ""level"": """"}
{""message"": "" the"", ""message_type"": ""chat_message"", ""isWebExplainerMessage"": false, ""level"": """"}
{""message"": "" local"", ""message_type"": ""chat_message"", ""isWebExplainerMessage"": false, ""level"": """"}
{""message"": "" culture"", ""message_type"": ""chat_message"", ""isWebExplainerMessage"": false, ""level"": """"}
{""message"": "" and"", ""message_type"": ""chat_message"", ""isWebExplainerMessage"": false, ""level"": """"}
{""message"": "" history"", ""message_type"": ""chat_message"", ""isWebExplainerMessage"": false, ""level"": """"}
{""message"": "" of"", ""message_type"": ""chat_message"", ""isWebExplainerMessage"": false, ""level"": """"}
{""message"": "" your"", ""message_type"": ""chat_message"", ""isWebExplainerMessage"": false, ""level"": """"}
{""message"": "" vacation"", ""message_type"": ""chat_message"", ""isWebExplainerMessage"": false, ""level"": """"}
{""message"": "" destination"", ""message_type"": ""chat_message"", ""isWebExplainerMessage"": false, ""level"": """"}
{""message"": "".\n\n"", ""message_type"": ""chat_message"", ""isWebExplainerMessage"": false, ""level"": """"}
{""message"": ""3"", ""message_type"": ""chat_message"", ""isWebExplainerMessage"": false, ""level"": """"}
{""message"": ""."", ""message_type"": ""chat_message"", ""isWebExplainerMessage"": false, ""level"": """"}
{""message"": "" **"", ""message_type"": ""chat_message"", ""isWebExplainerMessage"": false, ""level"": """"}
{""message"": ""Food"", ""message_type"": ""chat_message"", ""isWebExplainerMessage"": false, ""level"": """"}
{""message"": "" Tours"", ""message_type"": ""chat_message"", ""isWebExplainerMessage"": false, ""level"": """"}
{""message"": ""**"", ""message_type"": ""chat_message"", ""isWebExplainerMessage"": false, ""level"": """"}
{""message"": "":"", ""message_type"": ""chat_message"", ""isWebExplainerMessage"": false, ""level"": """"}
{""message"": "" Ind"", ""message_type"": ""chat_message"", ""isWebExplainerMessage"": false, ""level"": """"}
{""message"": ""ul"", ""message_type"": ""chat_message"", ""isWebExplainerMessage"": false, ""level"": """"}
{""message"": ""ge"", ""message_type"": ""chat_message"", ""isWebExplainerMessage"": false, ""level"": """"}
{""message"": "" in"", ""message_type"": ""chat_message"", ""isWebExplainerMessage"": false, ""level"": """"}
{""message"": "" local"", ""message_type"": ""chat_message"", ""isWebExplainerMessage"": false, ""level"": """"}
{""message"": "" cuisine"", ""message_type"": ""chat_message"", ""isWebExplainerMessage"": false, ""level"": """"}
{""message"": "" by"", ""message_type"": ""chat_message"", ""isWebExplainerMessage"": false, ""level"": """"}
{""message"": "" joining"", ""message_type"": ""chat_message"", ""isWebExplainerMessage"": false, ""level"": """"}
{""message"": "" a"", ""message_type"": ""chat_message"", ""isWebExplainerMessage"": false, ""level"": """"}
{""message"": "" guided"", ""message_type"": ""chat_message"", ""isWebExplainerMessage"": false, ""level"": """"}
{""message"": "" food"", ""message_type"": ""chat_message"", ""isWebExplainerMessage"": false, ""level"": """"}
{""message"": "" tour"", ""message_type"": ""chat_message"", ""isWebExplainerMessage"": false, ""level"": """"}
{""message"": "" that"", ""message_type"": ""chat_message"", ""isWebExplainerMessage"": false, ""level"": """"}
{""message"": "" lets"", ""message_type"": ""chat_message"", ""isWebExplainerMessage"": false, ""level"": """"}
{""message"": "" you"", ""message_type"": ""chat_message"", ""isWebExplainerMessage"": false, ""level"": """"}
{""message"": "" sample"", ""message_type"": ""chat_message"", ""isWebExplainerMessage"": false, ""level"": """"}
{""message"": "" different"", ""message_type"": ""chat_message"", ""isWebExplainerMessage"": false, ""level"": """"}
{""message"": "" dishes"", ""message_type"": ""chat_message"", ""isWebExplainerMessage"": false, ""level"": """"}
{""message"": "" and"", ""message_type"": ""chat_message"", ""isWebExplainerMessage"": false, ""level"": """"}
{""message"": "" learn"", ""message_type"": ""chat_message"", ""isWebExplainerMessage"": false, ""level"": """"}
{""message"": "" about"", ""message_type"": ""chat_message"", ""isWebExplainerMessage"": false, ""level"": """"}
{""message"": "" the"", ""message_type"": ""chat_message"", ""isWebExplainerMessage"": false, ""level"": """"}
{""message"": "" culinary"", ""message_type"": ""chat_message"", ""isWebExplainerMessage"": false, ""level"": """"}
{""message"": "" traditions"", ""message_type"": ""chat_message"", ""isWebExplainerMessage"": false, ""level"": """"}
{""message"": "" in"", ""message_type"": ""chat_message"", ""isWebExplainerMessage"": false, ""level"": """"}
{""message"": "" the"", ""message_type"": ""chat_message"", ""isWebExplainerMessage"": false, ""level"": """"}
{""message"": "" area"", ""message_type"": ""chat_message"", ""isWebExplainerMessage"": false, ""level"": """"}
{""message"": "".\n\n"", ""message_type"": ""chat_message"", ""isWebExplainerMessage"": false, ""level"": """"}
{""message"": ""Feel"", ""message_type"": ""chat_message"", ""isWebExplainerMessage"": false, ""level"": """"}
{""message"": "" free"", ""message_type"": ""chat_message"", ""isWebExplainerMessage"": false, ""level"": """"}
{""message"": "" to"", ""message_type"": ""chat_message"", ""isWebExplainerMessage"": false, ""level"": """"}
{""message"": "" let"", ""message_type"": ""chat_message"", ""isWebExplainerMessage"": false, ""level"": """"}
{""message"": "" me"", ""message_type"": ""chat_message"", ""isWebExplainerMessage"": false, ""level"": """"}
{""message"": "" know"", ""message_type"": ""chat_message"", ""isWebExplainerMessage"": false, ""level"": """"}
{""message"": "" if"", ""message_type"": ""chat_message"", ""isWebExplainerMessage"": false, ""level"": """"}
{""message"": "" any"", ""message_type"": ""chat_message"", ""isWebExplainerMessage"": false, ""level"": """"}
{""message"": "" of"", ""message_type"": ""chat_message"", ""isWebExplainerMessage"": false, ""level"": """"}
{""message"": "" these"", ""message_type"": ""chat_message"", ""isWebExplainerMessage"": false, ""level"": """"}
{""message"": "" resonate"", ""message_type"": ""chat_message"", ""isWebExplainerMessage"": false, ""level"": """"}
{""message"": "" with"", ""message_type"": ""chat_message"", ""isWebExplainerMessage"": false, ""level"": """"}
{""message"": "" you"", ""message_type"": ""chat_message"", ""isWebExplainerMessage"": false, ""level"": """"}
{""message"": "","", ""message_type"": ""chat_message"", ""isWebExplainerMessage"": false, ""level"": """"}
{""message"": "" or"", ""message_type"": ""chat_message"", ""isWebExplainerMessage"": false, ""level"": """"}
{""message"": "" if"", ""message_type"": ""chat_message"", ""isWebExplainerMessage"": false, ""level"": """"}
{""message"": "" you"", ""message_type"": ""chat_message"", ""isWebExplainerMessage"": false, ""level"": """"}
{""message"": "" have"", ""message_type"": ""chat_message"", ""isWebExplainerMessage"": false, ""level"": """"}
{""message"": "" specific"", ""message_type"": ""chat_message"", ""isWebExplainerMessage"": false, ""level"": """"}
{""message"": "" interests"", ""message_type"": ""chat_message"", ""isWebExplainerMessage"": false, ""level"": """"}
{""message"": "" for"", ""message_type"": ""chat_message"", ""isWebExplainerMessage"": false, ""level"": """"}
{""message"": "" a"", ""message_type"": ""chat_message"", ""isWebExplainerMessage"": false, ""level"": """"}
{""message"": "" tailored"", ""message_type"": ""chat_message"", ""isWebExplainerMessage"": false, ""level"": """"}
{""message"": "" recommendation"", ""message_type"": ""chat_message"", ""isWebExplainerMessage"": false, ""level"": """"}
{""message"": ""!"", ""message_type"": ""chat_message"", ""isWebExplainerMessage"": false, ""level"": """"}
{""message"": ""End of chat message stream"", ""message_type"": ""end_of_chat_message""}",0,[],,,,
